SKU;NOMBRE;MONTO;DSCTO;FECHA;ESTADO
1952192;MOCHILA BASICA AEREAL FLORES SB-2102G;6299;0;2022-12-31T21:54:1 5.354699Z;EXPIRED
10228250;MANDO MÓVIL PARA CELULAR W11+ NEGRO;2313;0;2022-12-31T21:54:16 .494584Z;EXPIRED
0;REGISTRO AGORA;210;0;2022-12-31T21:54:33.280110Z;REVERSED
24041;CREMA DENTAL COLGATE LUMINOUS WHITE BRILLANT - TUBO 125 ML;4459;0 ;2022-12-31T21:55:00.246739Z;EXPIRED
1795113;ZAPATILLAS URBANAS MUJER ADIDAS STRUTTER BLANCO TALLA 35.5 PE | 5.5 U S;33719;0;2022-12-31T21:55:07.477299Z;FINALIZED
10214231;PAÑAL PARA BEBÉ BALANZÉ BABY TALLA XXG PAQUETE 48UN;9024;0;202 2-12-31T21:55:09.421305Z;FINALIZED
1000433836;RELOJ CASIO W-800H-1AVDF NEGRO HOMBRE;58687;0;2022-12-31T21: 55:17.198705Z;FINALIZED
127090;DIRECTV KIT PREPAGO;10307;0;2022-12-31T21:55:27.300468Z;FINALI ZED
10228250;MANDO MÓVIL PARA CELULAR W11+ NEGRO;2313;0;2022-12-31T21:55:38 .799948Z;REJECT
2163489;KIT MOCHILA TARGUS BLUE+MOUSE INALAMBRICO;21024;0;2022-12-31T21 :55:40.786014Z;FINALIZED
1855966;LENTES DE SOL HOMBRE FOSTER GRANT R1PO65-1 AZ;16806;0;2022-12-3 1T21:55:40.786014Z;FINALIZED
1000483351;MOUSE GAMER T-DAGGER PRIVATE 3200 DPI RGB BLACK;10496;0;2022 -12-31T21:55:40.786014Z;FINALIZED
1000386569;MOCHILA PARA LAPTOP CON PUERTO USB - NEGRA;10515;0;2022-12-3 1T21:55:40.786014Z;FINALIZED
1000028647;DUKAP MALETA DE VIAJE BARCELONA 51 CM 10 KG VERDE;31342;0;20 22-12-31T21:55:40.786014Z;FINALIZED
1000052710;COOLER IDOCK N10 OFFICE DE ALUMINIO BASE ROTATIVA 360 GRADOS;257 88;0;2022-12-31T21:55:40.786014Z;FINALIZED
1000084786;COOLER CYBERCOOL HA-80 ALUMINIO HASTA 15.6 PULGADAS LED AZUL;184 26;0;2022-12-31T21:55:40.786014Z;FINALIZED
10163900;PACK D'ONOFRIO HELADO PEZIDURI CHOCOLATE CREMOSO POTE 930ML X 2UN; 5006;-3632;2022-12-31T21:55:46.026774Z;REJECT
10163903;PACK D'ONOFRIO HELADO PEZIDURI CHOCOCHIPS CREMOSO POTE 930ML X 2UN;" ""5006""";-3632;2022-12-31T21:55:46.026774Z;REJECT
10062453;FILETE DE PECHUGA DE PAVO BOLSA 500G;8182;-6785;2022-12-31T21: 55:46.026774Z;REJECT
10729375;PACK GELATINA UMSHA SABOR A FRESA 120G BOLSA 2UN;1556;-1034;20 22-12-31T21:55:46.026774Z;REJECT
2939;HUEVOS DE GALLINA BELL'S PARDOS BANDEJA 15UN;1998;-900;2022-12-31T 21:55:46.026774Z;REJECT
32048;TROZOS DE ATÚN BELL'S EN ACEITE VEGETAL LATA 170G;967;-1169;2022- 12-31T21:56:08.758257Z;REJECT
10291702;HARINA MORIXE DE MAIZ BLANCO BOLSA 1K;2082;-6083;2022-12-31T21 :56:08.758257Z;REJECT
4659;MANTEQUILLA LAIVE CON SAL BARRA 100G;1388;-328;2022-12-31T21:56:08 .758257Z;REJECT
10012600;LECHE EVAPORADA BELL'S LIGHT LATA 410G;736;-698;2022-12-31T21: 56:08.758257Z;REJECT
2068;TROZOS DE ATÚN A1 EN ACEITE VEGETAL LATA 170G;883;-412;2022-12-31T 21:56:08.758257Z;REJECT
10021791;ARROZ EXTRA GRAN CHALAN BOLSA 5KG;4164;-980;2022-12-31T21:56:0 8.758257Z;REJECT
5432;MAYONESA ALACENA DOYPACK 475G;2923;-1329;2022-12-31T21:56:08.75825 7Z;REJECT
24010;ARROZ SUPERIOR PAISANA BOLSA 5KG;3786;-1129;2022-12-31T21:56:08.7 58257Z;REJECT
49952;MERMELADA COMPASS FRESA POTE 350G;1156;-271;2022-12-31T21:56:08.7 58257Z;REJECT
10746883;PACK FORTIFICANTE NESQUIK VAINILLA 350G DOYPACK 2UN;6268;-9957;" ""2022-12-31T21:56:08.758257Z""";REJECT
10674628;TOALLITAS HÚMEDAS HUGGIES LIMPIEZA EFECTIVA PAQUETE 640UN;15755; 0;2022-12-31T21:56:09.636557Z;REJECT
7528;JABÓN LÍQUIDO PARA BEBÉ DR ZAIDMAN MANZANILLA FRASCO 330ML;3742;-376 ;2022-12-31T21:56:09.636557Z;REJECT
305;CREMA PARA CUERPO AQUAMARINE ALOE FRASCO 437ML;2818;0;2022-12-31T21 :56:09.636557Z;REJECT
10283428;DISCOS DE ALGODÓN CFK BOLSA 70UN PAQUETE 3UN;5027;0;2022-12-31 T21:56:09.636557Z;REJECT
42543;HISOPOS BOREAL CLÁSICOS CAJA 200UN;1325;0;2022-12-31T21:56:09.636 557Z;REJECT
40331;HISOPOS PARA BEBÉ BOREAL PAQUETE 55UN;736;0;2022-12-31T21:56:09.6 36557Z;REJECT
7192;SHAMPOO PARA BEBÉ DR ZAIDMAN MANZANILLA BOTELLA 400ML;4185;0;2022- 12-31T21:56:09.636557Z;REJECT
107114;VENTILADOR 16 3 EN 1 PEDESTAL / PARED / PISO;21013;0;2022-12-31T 21:56:15.671386Z;FINALIZED
24379;FOTOPROTECTOR ISDIN PEDIATRICS GEL CREAM 50+ - TUBO 250 ML;26293;0 ;2022-12-31T21:56:34.909233Z;FINALIZED
5094;GASEOSA COCA COLA + INCA KOLA 2PACK BOTELLA 3L;4249;-7046;2022-12- 31T21:56:46.299216Z;FINALIZED
2047932;CAMISOLA PIJAMA MUJER ZAFIN CAMISERO MC TOILE RAYAS ALGODÓN ECRU2 TAL LA XL;14713;0;2022-12-31T21:57:07.982619Z;EXPIRED
10670704;MEZCLA LÁCTEA IDEAL CREMOSITA LATA 390G PAQUETE 6UN;4438;-7404;" ""2022-12-31T21:57:08.224643Z""";REJECT
10723766;LECHE GLORIA RECONSTITUIDA 6 PACK LATA 400G;4922;-664;2022-12- 31T21:57:19.931702Z;FINALIZED
10723766;LECHE GLORIA RECONSTITUIDA 6 PACK LATA 400G;4922;-5330;2022-12 -31T21:57:19.931702Z;FINALIZED
10614795;ACEITE VEGETAL PRIMOR PREMIUM BOTELLA 900ML;2545;-2713;2022-12 -31T21:57:19.931702Z;FINALIZED
1000451942;SMARTPHONE MOTOROLA G52 6.6 6GB 128GB 50MP+8MP+2MP NEGRO;189104 ;0;2022-12-31T21:57:30.610571Z;EXPIRED
40438;PACK CERVEZA PILSEN 12 PACK LATA 355ML X 2UN;18048;-33445;2022-12 -31T21:57:34.394197Z;FINALIZED
77753;AGUA DE MESA LOA SIN GAS BOTELLA 2.5L;504;0;2022-12-31T21:57:41.4 96159Z;REJECT
10061565;LECHE UHT ENTERA GLORIA BOTELLA 946ML;1093;-42;2022-12-31T21:5 7:41.496159Z;REJECT
10218396;MAÍZ POP CORN BELL'S BOLSA 500G;652;0;2022-12-31T21:57:41.4961 59Z;REJECT
1546;GALLETAS DE SODA SAN JORGE PAQUETE 7UN;820;0;2022-12-31T21:57:51.4 49174Z;FINALIZED
10670704;MEZCLA LÁCTEA IDEAL CREMOSITA LATA 390G PAQUETE 6UN;4438;-7404;" ""2022-12-31T21:58:21.114996Z""";FINALIZED
10163900;PACK D'ONOFRIO HELADO PEZIDURI CHOCOLATE CREMOSO POTE 930ML X 2UN; 5006;-3632;2022-12-31T21:58:35.356194Z;REJECT
10163903;PACK D'ONOFRIO HELADO PEZIDURI CHOCOCHIPS CREMOSO POTE 930ML X 2UN;" ""5006""";-3632;2022-12-31T21:58:35.356194Z;REJECT
10062453;FILETE DE PECHUGA DE PAVO BOLSA 500G;8182;-6785;2022-12-31T21: 58:35.356194Z;REJECT
10729375;PACK GELATINA UMSHA SABOR A FRESA 120G BOLSA 2UN;1556;-1034;20 22-12-31T21:58:35.356194Z;REJECT
2939;HUEVOS DE GALLINA BELL'S PARDOS BANDEJA 15UN;1998;-900;2022-12-31T 21:58:35.356194Z;REJECT
10725999;MAYONESA ALACENA DOYPACK 850G;4354;-6108;2022-12-31T21:58:45.1 08565Z;FINALIZED
10614796;ACEITE DE SOYA SAO BOTELLA 900ML;1975;-3371;2022-12-31T21:58:4 5.108565Z;FINALIZED
10614796;ACEITE DE SOYA SAO BOTELLA 900ML;1975;-1684;2022-12-31T21:58:4 5.108565Z;FINALIZED
10614795;ACEITE VEGETAL PRIMOR PREMIUM BOTELLA 900ML;2545;-866;2022-12- 31T21:58:45.108565Z;FINALIZED
10118609;MI REDMI POWER BANK 20000 MAH - NEGRO;20824;0;2022-12-31T21:59 :07.496569Z;REJECT
1952192;MOCHILA BASICA AEREAL FLORES SB-2102G;6299;0;2022-12-31T21:59:0 8.103419Z;FINALIZED
10733432;CEPILLO DE DIENTES ELÉCTRICO ORAL-B PRO-SALUD DE PILAS 1 UNIDAD;12 599;0;2022-12-31T21:59:10.166575Z;EXPIRED
10674628;TOALLITAS HÚMEDAS HUGGIES LIMPIEZA EFECTIVA PAQUETE 640UN;15755; 0;2022-12-31T21:59:21.406574Z;FINALIZED
7528;JABÓN LÍQUIDO PARA BEBÉ DR ZAIDMAN MANZANILLA FRASCO 330ML;3742;-376 ;2022-12-31T21:59:21.406574Z;FINALIZED
305;CREMA PARA CUERPO AQUAMARINE ALOE FRASCO 437ML;2818;0;2022-12-31T21 :59:21.406574Z;FINALIZED
10283428;DISCOS DE ALGODÓN CFK BOLSA 70UN PAQUETE 3UN;5027;0;2022-12-31 T21:59:21.406574Z;FINALIZED
42543;HISOPOS BOREAL CLÁSICOS CAJA 200UN;1325;0;2022-12-31T21:59:21.406 574Z;FINALIZED
40331;HISOPOS PARA BEBÉ BOREAL PAQUETE 55UN;736;0;2022-12-31T21:59:21.4 06574Z;FINALIZED
7192;SHAMPOO PARA BEBÉ DR ZAIDMAN MANZANILLA BOTELLA 400ML;4185;0;2022- 12-31T21:59:21.406574Z;FINALIZED
111930;LEJÍA SAPOLIO ORIGINAL 5 LITROS;2082;0;2022-12-31T21:59:27.01411 1Z;FINALIZED
10817;PALO DE ESCOBA DE METAL 1.2 M;1030;0;2022-12-31T21:59:27.014111Z ;FINALIZED
116527;DISPENSADOR DE LÍQUIDOS 8 LITROS + SOPORTE;21013;-4207;2022-12-3 1T21:59:27.014111Z;FINALIZED
98814;ORGANIZADOR PLÁSTICO PARA VIAJE;2503;0;2022-12-31T21:59:27.014111 Z;FINALIZED
140984;ORGANIZADOR MAQUILLAJE JADE S;3224;0;2022-12-31T21:59:27.014111Z ;FINALIZED
106614;ORGANIZADOR ORANGE ACRÍLICO DE LABIALES;2341;0;2022-12-31T21:59: 27.014111Z;FINALIZED
132470;DOWNY BRISA FRESCA 2.8 LITROS;4606;-420;2022-12-31T21:59:27.0141 11Z;FINALIZED
1000184798;SOPORTE ORGANIZADOR DE ESCOBAS 5 ESPACIOS;5153;0;2022-12-31T 21:59:27.014111Z;FINALIZED
1000328901;SET X3 ORGANIZADOR DE CAJÓN PLEGABLE PARA ROPA INTERIOR GRIS;502 7;0;2022-12-31T21:59:27.014111Z;FINALIZED
1000223578;CAJA DURAPLAST BROADWAY COLORES 50L;3134;0;2022-12-31T21:59: 27.014111Z;FINALIZED
5094;GASEOSA COCA COLA + INCA KOLA 2PACK BOTELLA 3L;4249;-7046;2022-12- 31T21:59:28.526403Z;FINALIZED
2234251;ZAPATILLAS DEPORTIVAS PARA HOMBRE PUMA 383052 12 SUPERTEC MULTICOLOR1  TALLA 41;67101;0;2022-12-31T21:59:36.854884Z;FINALIZED
1000333965;PLATO TENDIDO DECO HOME NEGRO CASA GOLD;3134;0;2022-12-31T21 :59:41.403504Z;EXPIRED
1000317315;MOLDE REDONDO DE SILICONA DECO HOME;2923;0;2022-12-31T21:59: 41.403504Z;EXPIRED
116431;ZÓCALO ROBLE STUDIO 18X58X2600MM;7341;0;2022-12-31T21:59:50.4055 55Z;FINALIZED
115807;PISO LAMINADO AC3 7 MM ROBLE STUDIO CAJA:2.47 M2;22297;0;2022-12 -31T21:59:50.405555Z;FINALIZED
111055;ESPUMA 2MM;6499;0;2022-12-31T21:59:50.405555Z;FINALIZED
140431;PINTURA PATOPLUS BLANCO 4GL;37863;0;2022-12-31T21:59:50.405555Z ;FINALIZED
89709;MASKING TAPE 1.88 X 60 YARDAS;5574;0;2022-12-31T21:59:50.405555Z ;FINALIZED
10171403;PAÑALES PARA BEBÉ BABYSEC PREMIUM XXG PAQUETE 72UN;14703;-5021;" ""2022-12-31T21:59:55.938707Z""";FINALIZED
25934;VINO TINTO TABERNERO BORGOÑA BOTELLA 750ML PAQUETE 2UN;6710;-2004;" ""2022-12-31T21:59:55.938707Z""";FINALIZED
35557;ESQUINERO PLÁSTICO CURVO 3 METROS;610;0;2022-12-31T22:00:12.69909 3Z;FINALIZED
80977;MOLDURA APLICA NATURAL 8MM 0.4X2.13 METROS;1451;0;2022-12-31T22:0 0:12.699093Z;FINALIZED
89707;CINTA MULTIUSOS PARA TUBOS 1.88 X 55YD;1030;0;2022-12-31T22:00:12 .699093Z;FINALIZED
17579;ALICATE PICO DE LORO CON MANGO DE VINIL 10;2734;0;2022-12-31T22:0 0:12.699093Z;FINALIZED
10670704;MEZCLA LÁCTEA IDEAL CREMOSITA LATA 390G PAQUETE 6UN;4438;-7404;" ""2022-12-31T22:00:43.093162Z""";FINALIZED
10586358;GALAXY A33 5G 6.4 SM-A336MZKFLTP 6GB RAM 128 GB;241692;0;2022- 12-31T22:01:28.844361Z;REJECT
5094;GASEOSA COCA COLA + INCA KOLA 2PACK BOTELLA 3L;4249;-7046;2022-12- 31T22:01:09.307675Z;FINALIZED
32048;TROZOS DE ATÚN BELL'S EN ACEITE VEGETAL LATA 170G;967;-1169;2022- 12-31T22:01:41.098696Z;REJECT
10291702;HARINA MORIXE DE MAIZ BLANCO BOLSA 1K;2082;-6083;2022-12-31T22 :01:41.098696Z;REJECT
4659;MANTEQUILLA LAIVE CON SAL BARRA 100G;1388;-328;2022-12-31T22:01:41 .098696Z;REJECT
10012600;LECHE EVAPORADA BELL'S LIGHT LATA 410G;736;-698;2022-12-31T22: 01:41.098696Z;REJECT
2068;TROZOS DE ATÚN A1 EN ACEITE VEGETAL LATA 170G;883;-412;2022-12-31T 22:01:41.098696Z;REJECT
10021791;ARROZ EXTRA GRAN CHALAN BOLSA 5KG;4164;-980;2022-12-31T22:01:4 1.098696Z;REJECT
5432;MAYONESA ALACENA DOYPACK 475G;2923;-1329;2022-12-31T22:01:41.09869 6Z;REJECT
24010;ARROZ SUPERIOR PAISANA BOLSA 5KG;3786;-1129;2022-12-31T22:01:41.0 98696Z;REJECT
49952;MERMELADA COMPASS FRESA POTE 350G;1156;-271;2022-12-31T22:01:41.0 98696Z;REJECT
10746883;PACK FORTIFICANTE NESQUIK VAINILLA 350G DOYPACK 2UN;6268;-9957;" ""2022-12-31T22:01:41.098696Z""";REJECT
40438;PACK CERVEZA PILSEN 12 PACK LATA 355ML X 2UN;18048;-66891;2022-12 -31T22:01:49.548087Z;FINALIZED
10071852;JUEGO BEBÉ GIMNASIO HUANGER;35549;-22949;2022-12-31T22:02:05.3 89732Z;FINALIZED
2160979;ZAPATILLAS URBANAS PARA MUJER HYPNOTIC PLAT CLG VERDE TALLA 35;1681 7;0;2022-12-31T22:02:44.703339Z;FINALIZED
2151852;LENTES SKULLCANDY STEEP BLACK/GREEN HOMBRE;10496;0;2022-12-31T2 2:02:59.985140Z;EXPIRED
5094;GASEOSA COCA COLA + INCA KOLA 2PACK BOTELLA 3L;4249;-7046;2022-12- 31T22:03:01.199454Z;FINALIZED
10020839;LECHE GLORIA UHT ENTERA BOLSA 900ML PAQUETE 3UN;2608;-2305;202 2-12-31T22:03:38.713170Z;FINALIZED
10020839;LECHE GLORIA UHT ENTERA BOLSA 900ML PAQUETE 3UN;2608;-3075;202 2-12-31T22:03:38.713170Z;FINALIZED
10723768;LECHE GLORIA RECONSTITUIDA 6 PACK LATA 170G;2776;-717;2022-12- 31T22:03:38.713170Z;FINALIZED
77753;AGUA DE MESA LOA SIN GAS BOTELLA 2.5L;504;0;2022-12-31T22:04:09.2 45258Z;REJECT
5208;GASEOSA INCA KOLA SIN AZÚCAR BOTELLA 1.5L;1388;0;2022-12-31T22:04: 09.245258Z;REJECT
54355;SHAMPOO ELVIVE COLOR VIVE FRASCO 680ML;6079;-588;2022-12-31T22:04 :34.802314Z;EXPIRED
28250;ARROZ EXTRA AÑEJO FARAON NARANJA BOLSA 5KG;4962;-458;2022-12-31T2 2:04:34.802314Z;EXPIRED
25122;DESODORANTE EN AEROSOL PARA MUJER DOVE DERMO ACLARANT FRASCO 90ML PAQUE TE 2UN;5237;0;2022-12-31T22:04:34.802314Z;EXPIRED
2369;HAMBURGUESA OTTO KUNZ PREMIUM 100% PURA CARNE DE RES PAQUETE 8UN;5448 ;0;2022-12-31T22:04:34.802314Z;EXPIRED
4326;TORTILLAS BIMBO WRAPS CLÁSICAS BOLSA 6UN;2250;-570;2022-12-31T22:0 4:34.802314Z;EXPIRED
5094;GASEOSA COCA COLA + INCA KOLA 2PACK BOTELLA 3L;4249;-7046;2022-12- 31T22:04:37.655738Z;FINALIZED
10670704;MEZCLA LÁCTEA IDEAL CREMOSITA LATA 390G PAQUETE 6UN;4438;-7404;" ""2022-12-31T22:04:37.798179Z""";FINALIZED
36336;PAÑALES HUGGIES XG BIGPACK NATURAL CARE - BOLSA 60 UN;14282;0;20 22-12-31T22:04:45.731912Z;FINALIZED
8428;GEL FOR MEN EGO BLACK - POTE 505 G;3891;0;2022-12-31T22:04:45.73 1912Z;FINALIZED
24864;FÓRMULA INFANTIL ENFAMIL 2 (MFGM & DHA) - CAJA 1650 G;50273;0;20 22-12-31T22:04:45.731912Z;FINALIZED
37902;TOALLITAS HÚMEDAS HUGGIES CUIDADO 4 EN 1 - PACK 3X80UN;7551;0;20 22-12-31T22:04:45.731912Z;FINALIZED
34974;PAÑALES BABYSEC SUPER PREMIUM XG - PAQUETE 68 UN;14703;0;2022-12 -31T22:04:45.731912Z;FINALIZED
569533;CEPILLO SECADOR DE CABELLO 4 EN 1 ONE STEP 1000 W CEPILLO SECADOR DE C ABELLO 4 EN 1 ONE STEP 1000W;8392;0;2022-12-31T22:04:49.020046Z;FINALIZE D
28886;CALZONCITOS ENTRENADORES NINET TALLA XXL - BOLSA 36 UN;10391;0;2 022-12-31T22:05:04.113398Z;FINALIZED
36780;CALZONCITOS ENTRENADORES NINET TALLA L - BOLSA 48 UN;10391;0;202 2-12-31T22:05:04.113398Z;FINALIZED
132223;PISCINA 3000 LITROS 3.2X1.64X0.58M;48170;0;2022-12-31T22:05:11.0 76595Z;EXPIRED
10020839;LECHE GLORIA UHT ENTERA BOLSA 900ML PAQUETE 3UN;2608;-2305;202 2-12-31T22:05:38.277416Z;FINALIZED
10020839;LECHE GLORIA UHT ENTERA BOLSA 900ML PAQUETE 3UN;2608;-3075;202 2-12-31T22:05:38.277416Z;FINALIZED
10723768;LECHE GLORIA RECONSTITUIDA 6 PACK LATA 170G;2776;-717;2022-12- 31T22:05:38.277416Z;FINALIZED
10614733;DESODORANTE EN AEROSOL DOVE MEN PROTECCIÓN TOTAL FRASCO 150ML;3344 ;0;2022-12-31T22:06:07.093960Z;FINALIZED
5094;GASEOSA COCA COLA + INCA KOLA 2PACK BOTELLA 3L;4249;-7046;2022-12- 31T22:06:09.957642Z;FINALIZED
10737437;ZAPATILLAS URBANAS PARA MUJER MALABAR FORZMAL MAL ZAP FORZMAL V5 CAJ  BLANCO 35;21024;-2103;2022-12-31T22:06:13.538278Z;FINALIZED
25434;FOTOPROTECTOR ISDIN GEL CREAM SPF 50 - TUBO 250 ML;26293;0;2022- 12-31T22:06:38.612676Z;FINALIZED
24379;FOTOPROTECTOR ISDIN PEDIATRICS GEL CREAM 50+ - TUBO 250 ML;26293;0 ;2022-12-31T22:06:38.612676Z;FINALIZED
27936;FOTOPROTECTOR EN SPRAY ISDIN TRANSPARENT DAY WET SKIN SPF 50+ - FRASCO  250 ML;27345;0;2022-12-31T22:06:38.612676Z;FINALIZED
324070;VICK VAPORUB UNGÜENTO TÓPICO;3491;0;2022-12-31T22:06:38.612676Z ;FINALIZED
324071;VICK VAPORUB UNGÜENTO TÓPICO;572;0;2022-12-31T22:06:38.612676Z;" ""FINALIZED"""
11670;HEPABIONTA GRAGEA;70256;0;2022-12-31T22:06:38.612676Z;FINALIZE D
144052;BEPANTHEN CREMA REGENERADORA;4880;0;2022-12-31T22:06:38.612676Z ;FINALIZED
10228250;MANDO MÓVIL PARA CELULAR W11+ NEGRO;2313;0;2022-12-31T22:06:40 .802152Z;FINALIZED
138078;ROACCUTAN 20MG CÁPSULAS BLANDAS;11226;0;2022-12-31T22:06:59.0436 97Z;EXPIRED
10614796;ACEITE DE SOYA SAO BOTELLA 900ML;1975;-5061;2022-12-31T22:07:1 6.766900Z;FINALIZED
10725999;MAYONESA ALACENA DOYPACK 850G;4354;-4070;2022-12-31T22:07:16.7 66900Z;FINALIZED
10725999;MAYONESA ALACENA DOYPACK 850G;4354;-2034;2022-12-31T22:07:16.7 66900Z;FINALIZED
10614795;ACEITE VEGETAL PRIMOR PREMIUM BOTELLA 900ML;2545;-866;2022-12- 31T22:07:16.766900Z;FINALIZED
2151852;LENTES SKULLCANDY STEEP BLACK/GREEN HOMBRE;10496;0;2022-12-31T2 2:07:27.562240Z;FINALIZED
36750;PRUEBA RÁPIDA SARS-COV-2 ANTIGEN RAPID KIT;3702;0;2022-12-31T22: 08:07.187528Z;ABORTED
36750;PRUEBA RÁPIDA SARS-COV-2 ANTIGEN RAPID KIT;3702;0;2022-12-31T22: 08:32.332511Z;FINALIZED
10670704;MEZCLA LÁCTEA IDEAL CREMOSITA LATA 390G PAQUETE 6UN;4438;-7404;" ""2022-12-31T22:07:24.644846Z""";FINALIZED
5094;GASEOSA COCA COLA + INCA KOLA 2PACK BOTELLA 3L;4249;-7046;2022-12- 31T22:07:40.289207Z;FINALIZED
10163903;PACK D'ONOFRIO HELADO PEZIDURI CHOCOCHIPS CREMOSO POTE 930ML X 2UN;" ""5006""";-7509;2022-12-31T22:07:44.700530Z;FINALIZED
10163904;PACK D'ONOFRIO HELADO PEZIDURI TRICOLOR CREMOSO POTE 930ML X 2UN;5 006;-5006;2022-12-31T22:07:44.700530Z;FINALIZED
10163905;PACK D'ONOFRIO HELADO PEZIDURI VAINILLA CREMOSO POTE 930ML X 2UN;5 006;-10012;2022-12-31T22:07:44.700530Z;FINALIZED
10163900;PACK D'ONOFRIO HELADO PEZIDURI CHOCOLATE CREMOSO POTE 930ML X 2UN; 5006;-12515;2022-12-31T22:07:44.700530Z;FINALIZED
10308782;PACKS HELADO D'ONOFRIO PEZIDURI CHEESECAKE POTE 900ML X 2UN;8371;" ""-12557""";2022-12-31T22:07:44.700530Z;FINALIZED
40438;PACK CERVEZA PILSEN 12 PACK LATA 355ML X 2UN;18048;-20067;2022-12 -31T22:07:44.700530Z;FINALIZED
4493;LENTEJA COSTEÑO BOLSA 500G;1217;-3761;2022-12-31T22:07:44.700530Z ;FINALIZED
30857;GASEOSA INCA KOLA + COCA COLA BOTELLA 3L PAQUETE 3UN;6247;-3533;2 022-12-31T22:07:47.994631Z;FINALIZED
10020839;LECHE GLORIA UHT ENTERA BOLSA 900ML PAQUETE 3UN;2608;-2305;202 2-12-31T22:08:54.829972Z;REJECT
10020839;LECHE GLORIA UHT ENTERA BOLSA 900ML PAQUETE 3UN;2608;-3075;202 2-12-31T22:08:54.829972Z;REJECT
10723768;LECHE GLORIA RECONSTITUIDA 6 PACK LATA 170G;2776;-717;2022-12- 31T22:08:54.829972Z;REJECT
10163900;PACK D'ONOFRIO HELADO PEZIDURI CHOCOLATE CREMOSO POTE 930ML X 2UN; 5006;-3596;2022-12-31T22:09:06.248317Z;FINALIZED
2068;TROZOS DE ATÚN A1 EN ACEITE VEGETAL LATA 170G;883;-774;2022-12-31T 22:09:06.248317Z;FINALIZED
2939;HUEVOS DE GALLINA BELL'S PARDOS BANDEJA 15UN;1998;-870;2022-12-31T 22:09:06.248317Z;FINALIZED
10746883;PACK FORTIFICANTE NESQUIK VAINILLA 350G DOYPACK 2UN;6268;-10639 ;2022-12-31T22:09:06.248317Z;FINALIZED
5094;GASEOSA COCA COLA + INCA KOLA 2PACK BOTELLA 3L;4249;-7046;2022-12- 31T22:09:08.755874Z;FINALIZED
1952192;MOCHILA BASICA AEREAL FLORES SB-2102G;6299;0;2022-12-31T22:09:1 2.285498Z;REVERSED
2151855;LENTES TYPE C + AUDÍFONOS SKULLCANDY DIME BLACK HOMBRE;31342;0; 2022-12-31T22:09:15.708684Z;REJECT
32048;TROZOS DE ATÚN BELL'S EN ACEITE VEGETAL LATA 170G;967;-1169;2022- 12-31T22:09:25.126116Z;REJECT
10291702;HARINA MORIXE DE MAIZ BLANCO BOLSA 1K;2082;-6083;2022-12-31T22 :09:25.126116Z;REJECT
4659;MANTEQUILLA LAIVE CON SAL BARRA 100G;1388;-328;2022-12-31T22:09:25 .126116Z;REJECT
10012600;LECHE EVAPORADA BELL'S LIGHT LATA 410G;736;-698;2022-12-31T22: 09:25.126116Z;REJECT
2068;TROZOS DE ATÚN A1 EN ACEITE VEGETAL LATA 170G;883;-412;2022-12-31T 22:09:25.126116Z;REJECT
10021791;ARROZ EXTRA GRAN CHALAN BOLSA 5KG;4164;-980;2022-12-31T22:09:2 5.126116Z;REJECT
5432;MAYONESA ALACENA DOYPACK 475G;2923;-1329;2022-12-31T22:09:25.12611 6Z;REJECT
24010;ARROZ SUPERIOR PAISANA BOLSA 5KG;3786;-1129;2022-12-31T22:09:25.1 26116Z;REJECT
49952;MERMELADA COMPASS FRESA POTE 350G;1156;-271;2022-12-31T22:09:25.1 26116Z;REJECT
10746883;PACK FORTIFICANTE NESQUIK VAINILLA 350G DOYPACK 2UN;6268;-9957;" ""2022-12-31T22:09:25.126116Z""";REJECT
40438;PACK CERVEZA PILSEN 12 PACK LATA 355ML X 2UN;18048;-66891;2022-12 -31T22:09:47.895142Z;REJECT
10020839;LECHE GLORIA UHT ENTERA BOLSA 900ML PAQUETE 3UN;2608;-2305;202 2-12-31T22:09:56.045388Z;FINALIZED
10020839;LECHE GLORIA UHT ENTERA BOLSA 900ML PAQUETE 3UN;2608;-3075;202 2-12-31T22:09:56.045388Z;FINALIZED
10723768;LECHE GLORIA RECONSTITUIDA 6 PACK LATA 170G;2776;-717;2022-12- 31T22:09:56.045388Z;FINALIZED
10670704;MEZCLA LÁCTEA IDEAL CREMOSITA LATA 390G PAQUETE 6UN;4438;-7404;" ""2022-12-31T22:10:06.404924Z""";FINALIZED
2234252;ZAPATILLAS DEPORTIVAS PARA HOMBRE PUMA 383052 12 SUPERTEC MULTICOLOR1  TALLA 42;67101;0;2022-12-31T22:10:26.395827Z;EXPIRED
5094;GASEOSA COCA COLA + INCA KOLA 2PACK BOTELLA 3L;4249;-7046;2022-12- 31T22:10:38.526591Z;FINALIZED
1000309063;ESPEJO DECO HOME DORADO CASA CHIC;3975;0;2022-12-31T22:10:38 .408543Z;REVERSED
48275;REFRIGERANTE Y ANTIOXIDANTE FREEZY 1 GALÓN;2419;-1451;2022-12-31T 22:10:40.382262Z;FINALIZED
10620469;TORTILLAS FRITAS DE MAÍZ DORITOS QUESO FUEGO BOLSA 210G;1893;-71 5;2022-12-31T22:10:50.145301Z;EXPIRED
10045436;DONACIÓN PERÚ CHAMPS;21;0;2022-12-31T23:04:13.091665Z;EXPIRE D
10076762;GOMA DE MASCAR WRIGLEY S HUBBA BUBBA ENVASE 56.7G;1914;-723;20 22-12-31T22:10:50.145301Z;EXPIRED
10559291;PIQUEOS CHEESE TRIS QUESO BOLSA 140G;1051;-199;2022-12-31T22:1 0:50.145301Z;EXPIRED
10753147;BARQUILLOS CON CREMA PIRUCREAM NAVIDAD CAJA 155G;4312;-2179;20 22-12-31T22:10:50.145301Z;EXPIRED
12589;CHUPETES GLOBO POP XXL BOLSA 200GR;2839;-534;2022-12-31T22:10:50. 145301Z;EXPIRED
2974;CREMA CHANTILLY PRÉSIDENT FRASCO 250G;5868;-1106;2022-12-31T22:10: 50.145301Z;EXPIRED
51098;PACK FRITO LAY PAPAS FRITAS LAY'S BOLSA 160G + PIQUEO SNAX BOLSA 200G P AQUETE 2UN;2923;-1062;2022-12-31T22:10:50.145301Z;EXPIRED
58122;BIO BOLSA PLAZAVEA MEDIANA;21;0;2022-12-31T22:10:50.145301Z;EXP IRED
10670874;TOMATODO VIVA HOME VIDRIO PASTEL (MODELOS ALEATORIOS);10496;-631 0;2022-12-31T22:11:04.621971Z;EXPIRED
39255;SET DE DESARMADORES X6 PIEZAS;3134;0;2022-12-31T22:11:13.416631Z ;REJECT
75014;COLGADOR DE ACCESORIOS GOMA 11 RACKS;610;0;2022-12-31T22:11:13.41 6631Z;REJECT
27240;BANCO MINI PITUFO;1577;0;2022-12-31T22:11:13.416631Z;REJECT
40438;PACK CERVEZA PILSEN 12 PACK LATA 355ML X 2UN;18048;-66891;2022-12 -31T22:11:32.047541Z;REJECT
190644;REFRIGERADORA WINIA 247L NO FROST WRT-25GFD GRIS;294279;0;2022-1 2-31T22:12:10.346614Z;EXPIRED
5094;GASEOSA COCA COLA + INCA KOLA 2PACK BOTELLA 3L;4249;-7046;2022-12- 31T22:12:12.603529Z;FINALIZED
36776;PAÑALES NINET SUAVE CUIDADO TALLA M - BOLSA 58 UN;10391;0;2022-1 2-31T22:12:23.858Z;FINALIZED
24270;PAÑAL NINET BEBE TALLA XXL - BOLSA 44 UN;10391;0;2022-12-31T22:1 2:23.858Z;FINALIZED
10163847;PACK RON HAVANA CLUB AÑEJO ESPECIAL BOTELLA 700ML + GASEOSA COCA COL A SIN AZÚCAR BOTELLA 1.5L;9781;-9924;2022-12-31T22:12:35.165630Z;FINALIZ ED
76584;MARGARINA LA PREFERIDA BARRA 90G;502;-283;2022-12-31T22:12:35.165 630Z;FINALIZED
76584;MARGARINA LA PREFERIDA BARRA 90G;502;-140;2022-12-31T22:12:35.165 630Z;FINALIZED
46149;COLCHÓN VIVA HOME PALMERA 1.5 PLAZAS;75515;-67312;2022-12-31T22:1 2:36.846389Z;FINALIZED
10670874;TOMATODO VIVA HOME VIDRIO PASTEL (MODELOS ALEATORIOS);10496;-631 0;2022-12-31T22:12:37.791044Z;FINALIZED
2234252;ZAPATILLAS DEPORTIVAS PARA HOMBRE PUMA 383052 12 SUPERTEC MULTICOLOR1  TALLA 42;67101;0;2022-12-31T22:12:44.358124Z;FINALIZED
10723766;LECHE GLORIA RECONSTITUIDA 6 PACK LATA 400G;4922;-664;2022-12- 31T22:12:52.196305Z;FINALIZED
10723766;LECHE GLORIA RECONSTITUIDA 6 PACK LATA 400G;4922;-5330;2022-12 -31T22:12:52.196305Z;FINALIZED
10614795;ACEITE VEGETAL PRIMOR PREMIUM BOTELLA 900ML;2545;-2713;2022-12 -31T22:12:52.196305Z;FINALIZED
1000486563;ZAPATILLA URBANA SKECHERS W MILLION AIR 155401-WHT BLANCO TALLA 7 ;67101;0;2022-12-31T22:13:37.311732Z;FINALIZED
2202835;TELEVISOR LG UHD 4K THINQ AI 50 50UQ7500 (2022);294279;-42070;2 022-12-31T22:13:37.311732Z;FINALIZED
2009110;TELEVISOR PHILIPS 55PUD7406;336349;-21035;2022-12-31T22:14:07.8 09827Z;EXPIRED
10670704;MEZCLA LÁCTEA IDEAL CREMOSITA LATA 390G PAQUETE 6UN;4438;-7404;" ""2022-12-31T22:14:11.008315Z""";FINALIZED
190644;REFRIGERADORA WINIA 247L NO FROST WRT-25GFD GRIS;294279;-4207;20 22-12-31T22:14:20.379232Z;EXPIRED
39255;SET DE DESARMADORES X6 PIEZAS;3134;0;2022-12-31T22:14:34.620486Z ;FINALIZED
75014;COLGADOR DE ACCESORIOS GOMA 11 RACKS;610;0;2022-12-31T22:14:34.62 0486Z;FINALIZED
27240;BANCO MINI PITUFO;1577;0;2022-12-31T22:14:34.620486Z;FINALIZED
22742;MANIJA ACERO INOXIDABLE CON CERRADURA EXTERIOR IZQUIERDA;23544;-336 3;2022-12-31T22:14:48.339186Z;FINALIZED
32048;TROZOS DE ATÚN BELL'S EN ACEITE VEGETAL LATA 170G;967;-891;2022-1 2-31T22:14:58.609752Z;FINALIZED
10291702;HARINA MORIXE DE MAIZ BLANCO BOLSA 1K;2082;-5847;2022-12-31T22 :14:58.609752Z;FINALIZED
4659;MANTEQUILLA LAIVE CON SAL BARRA 100G;1388;-218;2022-12-31T22:14:58 .609752Z;FINALIZED
10012600;LECHE EVAPORADA BELL'S LIGHT LATA 410G;736;-462;2022-12-31T22: 14:58.609752Z;FINALIZED
2068;TROZOS DE ATÚN A1 EN ACEITE VEGETAL LATA 170G;883;-277;2022-12-31T 22:14:58.609752Z;FINALIZED
10021791;ARROZ EXTRA GRAN CHALAN BOLSA 5KG;4164;-654;2022-12-31T22:14:5 8.609752Z;FINALIZED
5432;MAYONESA ALACENA DOYPACK 475G;2923;-1167;2022-12-31T22:14:58.60975 2Z;FINALIZED
24010;ARROZ SUPERIOR PAISANA BOLSA 5KG;3786;-858;2022-12-31T22:14:58.60 9752Z;FINALIZED
49952;MERMELADA COMPASS FRESA POTE 350G;1156;-180;2022-12-31T22:14:58.6 09752Z;FINALIZED
10746883;PACK FORTIFICANTE NESQUIK VAINILLA 350G DOYPACK 2UN;6268;-9697;" ""2022-12-31T22:14:58.609752Z""";FINALIZED
5094;GASEOSA COCA COLA + INCA KOLA 2PACK BOTELLA 3L;4249;-7046;2022-12- 31T22:16:05.026223Z;FINALIZED
10670704;MEZCLA LÁCTEA IDEAL CREMOSITA LATA 390G PAQUETE 6UN;4438;-7404;" ""2022-12-31T22:16:07.066655Z""";FINALIZED
26774;FRIGOBAR BLACKLINE 46L VCM SILVER;115482;-16828;2022-12-31T22:15: 02.401511Z;FINALIZED
9309;LIMPIADOR FACIAL EFFACLAR GEL LA ROCHE POSAY - FRASCO 400 ML;24716;" ""0""";2022-12-31T22:15:13.452407Z;FINALIZED
7064;VISIVER FRESH 0.0125% SOLUCIÓN OFTÁLMICA - FRASCO 15 ML;3092;0;2 022-12-31T22:15:13.452407Z;FINALIZED
2137151;ZAPATILLAS URBANAS PARA MUJER REEBOK GV8539 SMASH EDGE S BLANCO TALLA  36 PE | 6 US;46066;0;2022-12-31T22:15:19.107663Z;ABORTED
1453159;BOTINES MALABAR HOMBRE FOLK 30001-02 MARRÓN TALLA 44;48170;0;20 22-12-31T22:15:25.922993Z;FINALIZED
10062456;PIERNA DE CERDO 500G;6289;-14766;2022-12-31T22:16:25.953033Z;" ""REJECT"""
10062453;FILETE DE PECHUGA DE PAVO BOLSA 500G;8182;-6815;2022-12-31T22: 16:25.953033Z;REJECT
32624;LÁMPARA COLGANTE TRISTÁN 3 LUCES;12599;0;2022-12-31T22:16:55.4486 89Z;FINALIZED
10171403;PAÑALES PARA BEBÉ BABYSEC PREMIUM XXG PAQUETE 72UN;14703;-5021;" ""2022-12-31T22:17:02.911185Z""";FINALIZED
25934;VINO TINTO TABERNERO BORGOÑA BOTELLA 750ML PAQUETE 2UN;6710;-2004;" ""2022-12-31T22:17:02.911185Z""";FINALIZED
10020839;LECHE GLORIA UHT ENTERA BOLSA 900ML PAQUETE 3UN;2608;-2305;202 2-12-31T22:17:08.924405Z;FINALIZED
10020839;LECHE GLORIA UHT ENTERA BOLSA 900ML PAQUETE 3UN;2608;-3075;202 2-12-31T22:17:08.924405Z;FINALIZED
10723768;LECHE GLORIA RECONSTITUIDA 6 PACK LATA 170G;2776;-717;2022-12- 31T22:17:08.924405Z;FINALIZED
10163903;PACK D'ONOFRIO HELADO PEZIDURI CHOCOCHIPS CREMOSO POTE 930ML X 2UN;" ""5006""";-3857;2022-12-31T22:17:22.664360Z;FINALIZED
10062453;FILETE DE PECHUGA DE PAVO BOLSA 500G;8182;-7013;2022-12-31T22: 17:22.664360Z;FINALIZED
10746883;PACK FORTIFICANTE NESQUIK VAINILLA 350G DOYPACK 2UN;6268;-5494;" ""2022-12-31T22:17:22.664360Z""";FINALIZED
14558;FILETE DE ATÚN ARTESANAL CAMPOMAR GOURMET FRASCO 160G;1577;-1093; 2022-12-31T22:17:22.664360Z;FINALIZED
75180;ASIENTO PARA INODORO CON CAÍDA LENTA RED BLANCO;9655;0;2022-12-31 T22:17:26.491730Z;EXPIRED
5094;GASEOSA COCA COLA + INCA KOLA 2PACK BOTELLA 3L;4249;-7046;2022-12- 31T22:17:35.594387Z;FINALIZED
10062456;PIERNA DE CERDO 500G;6289;-14766;2022-12-31T22:17:47.218083Z;" ""FINALIZED"""
10062453;FILETE DE PECHUGA DE PAVO BOLSA 500G;8182;-6815;2022-12-31T22: 17:47.218083Z;FINALIZED
24373;FÓRMULA INFANTIL ENFAMIL CONFORT PREMIUM - CAJA 1.1 KG;38262;0;2 022-12-31T22:17:51.186644Z;REVERSED
2137151;ZAPATILLAS URBANAS PARA MUJER REEBOK GV8539 SMASH EDGE S BLANCO TALLA  36 PE | 6 US;46066;0;2022-12-31T22:17:57.534025Z;EXPIRED
10041048;SMARTPHONE MOTOROLA MOTO G8 6.4'' 4GB 64GB 16MP + 8MP + 8MP 2MP GRIS ;210139;-105175;2022-12-31T22:18:16.670975Z;EXPIRED
40438;PACK CERVEZA PILSEN 12 PACK LATA 355ML X 2UN;18048;-66891;2022-12 -31T22:18:44.029004Z;REJECT
10733376;TELEVISOR LG LED 50'' UHD 4K THINQ AI 50UQ7500;420489;-168280; 2022-12-31T22:18:59.643385Z;REJECT
10670704;MEZCLA LÁCTEA IDEAL CREMOSITA LATA 390G PAQUETE 6UN;4438;-7404;" ""2022-12-31T22:19:25.726652Z""";FINALIZED
24270;PAÑAL NINET BEBE TALLA XXL - BOLSA 44 UN;10391;0;2022-12-31T22:1 9:28.771132Z;FINALIZED
5094;GASEOSA COCA COLA + INCA KOLA 2PACK BOTELLA 3L;4249;-7046;2022-12- 31T22:19:47.388887Z;FINALIZED
10020839;LECHE GLORIA UHT ENTERA BOLSA 900ML PAQUETE 3UN;2608;-2305;202 2-12-31T22:21:17.882305Z;EXPIRED
10020839;LECHE GLORIA UHT ENTERA BOLSA 900ML PAQUETE 3UN;2608;-3075;202 2-12-31T22:21:17.882305Z;EXPIRED
10723768;LECHE GLORIA RECONSTITUIDA 6 PACK LATA 170G;2776;-717;2022-12- 31T22:21:17.882305Z;EXPIRED
2127663;XIAOMI REDMI 10C 6.71 4GB RAM 64GB GRAPHITE GRAY;123896;0;2022- 12-31T22:21:38.722991Z;FINALIZED
5094;GASEOSA COCA COLA + INCA KOLA 2PACK BOTELLA 3L;4249;-7046;2022-12- 31T22:22:08.161647Z;FINALIZED
1000194082;DESINFECTANTE PINO GALÓN DARYZA. PACK 2 GALONERAS;7551;0;202 2-12-31T22:22:17.640496Z;FINALIZED
142677;BOWL FORMA FLOR COLOR VERDE FLORAL;1356;0;2022-12-31T22:22:17.64 0496Z;FINALIZED
141113;INDIVIDUAL FORMA HOJA ROSADO 30X48CM FLORAL;3144;0;2022-12-31T22 :22:17.640496Z;FINALIZED
111930;LEJÍA SAPOLIO ORIGINAL 5 LITROS;2082;0;2022-12-31T22:22:17.64049 6Z;FINALIZED
132902;ADORNO SAPITOS WELCOME 29CM;10496;0;2022-12-31T22:22:17.640496Z ;FINALIZED
120682;SUAVITEL 5 LT;8392;0;2022-12-31T22:22:17.640496Z;FINALIZED
81523;AJOS PELADOS EL SABOR AREQUIPEÑOS BANDEJA 250G;1851;0;2022-12-31T 23:17:15.423506Z;FINALIZED
10670704;MEZCLA LÁCTEA IDEAL CREMOSITA LATA 390G PAQUETE 6UN;4438;-7404;" ""2022-12-31T22:22:20.137485Z""";REJECT
51098;PACK FRITO LAY PAPAS FRITAS LAY'S BOLSA 160G + PIQUEO SNAX BOLSA 200G P AQUETE 2UN;2923;-631;2022-12-31T22:22:55.009787Z;FINALIZED
10207288;PIQUEO FRITO LAY TOR-TEES BOLSA 138G;1051;0;2022-12-31T22:22:5 5.009787Z;FINALIZED
10548049;GOD OF WAR + LANYARD + BLOCK DE NOTAS PLAYSTATION 4;16617;0;20 22-12-31T22:22:58.750885Z;EXPIRED
5094;GASEOSA COCA COLA + INCA KOLA 2PACK BOTELLA 3L;4249;-7046;2022-12- 31T22:23:45.561661Z;FINALIZED
10614795;ACEITE VEGETAL PRIMOR PREMIUM BOTELLA 900ML;2545;-2717;2022-12 -31T22:23:58.858891Z;FINALIZED
10723766;LECHE GLORIA RECONSTITUIDA 6 PACK LATA 400G;4922;-664;2022-12- 31T22:23:58.858891Z;FINALIZED
10723766;LECHE GLORIA RECONSTITUIDA 6 PACK LATA 400G;4922;-5326;2022-12 -31T22:23:58.858891Z;FINALIZED
10614796;ACEITE DE SOYA SAO BOTELLA 900ML;1975;-5061;2022-12-31T22:24:0 1.313065Z;FINALIZED
10725999;MAYONESA ALACENA DOYPACK 850G;4354;-4070;2022-12-31T22:24:01.3 13065Z;FINALIZED
10725999;MAYONESA ALACENA DOYPACK 850G;4354;-2034;2022-12-31T22:24:01.3 13065Z;FINALIZED
10614795;ACEITE VEGETAL PRIMOR PREMIUM BOTELLA 900ML;2545;-866;2022-12- 31T22:24:01.313065Z;FINALIZED
1000486987;MANGAS DE VOLEY TALLA M;8203;0;2022-12-31T22:24:33.581715Z;" ""FINALIZED"""
1000044416;AUDIFONOS XIAOMI EARPHONES 2 BASIC BLUETOOTH TWS TACTIL 20 HORAS;" ""31531""";0;2022-12-31T22:24:33.581715Z;FINALIZED
10733376;TELEVISOR LG LED 50'' UHD 4K THINQ AI 50UQ7500;420489;-168280; 2022-12-31T22:24:40.817719Z;FINALIZED
10733376;TELEVISOR LG LED 50'' UHD 4K THINQ AI 50UQ7500;420489;-168280; 2022-12-31T22:24:50.516114Z;EXPIRED
40664;JUEGO DE OLLAS VIVA HOME ALUMINIO PLATEADO 7PZS;25220;-9045;2022- 12-31T22:24:51.946149Z;EXPIRED
428249;CREMA DENTAL SENSODYNE MULTI PROTECCIÓN - TUBO 90 G;3407;0;2022- 12-31T22:25:03.511456Z;ABORTED
5094;GASEOSA COCA COLA + INCA KOLA 2PACK BOTELLA 3L;4249;-7046;2022-12- 31T22:25:14.309778Z;FINALIZED
190644;REFRIGERADORA WINIA 247L NO FROST WRT-25GFD GRIS;294279;-4207;20 22-12-31T22:25:18.968819Z;FINALIZED
111621;PERSIANA HORIZONTAL PVC GRIS 160X165CM;9570;0;2022-12-31T22:25:4 1.594075Z;REJECT
111618;PERSIANA HORIZONTAL PVC GRIS 100X165CM;3470;0;2022-12-31T22:25:4 1.594075Z;REJECT
428249;CREMA DENTAL SENSODYNE MULTI PROTECCIÓN - TUBO 90 G;3407;0;2022- 12-31T22:26:10.272071Z;REVERSED
5094;GASEOSA COCA COLA + INCA KOLA 2PACK BOTELLA 3L;4249;-7046;2022-12- 31T22:26:46.473755Z;FINALIZED
2009110;TELEVISOR PHILIPS 55PUD7406;336349;-21035;2022-12-31T22:27:21.7 45978Z;REJECT
5094;GASEOSA COCA COLA + INCA KOLA 2PACK BOTELLA 3L;4249;-7046;2022-12- 31T22:28:15.661472Z;FINALIZED
28250;ARROZ EXTRA AÑEJO FARAON NARANJA BOLSA 5KG;4962;-458;2022-12-31T2 2:28:39.309806Z;EXPIRED
4326;TORTILLAS BIMBO WRAPS CLÁSICAS BOLSA 6UN;2250;-1140;2022-12-31T22: 28:39.309806Z;EXPIRED
25122;DESODORANTE EN AEROSOL PARA MUJER DOVE DERMO ACLARANT FRASCO 90ML PAQUE TE 2UN;5237;0;2022-12-31T22:28:39.309806Z;EXPIRED
54355;SHAMPOO ELVIVE COLOR VIVE FRASCO 680ML;6079;-294;2022-12-31T22:28 :39.309806Z;EXPIRED
2369;HAMBURGUESA OTTO KUNZ PREMIUM 100% PURA CARNE DE RES PAQUETE 8UN;5448 ;0;2022-12-31T22:28:39.309806Z;EXPIRED
5094;GASEOSA COCA COLA + INCA KOLA 2PACK BOTELLA 3L;4249;-357;2022-12-3 1T22:28:39.309806Z;EXPIRED
10723766;LECHE GLORIA RECONSTITUIDA 6 PACK LATA 400G;4922;-664;2022-12- 31T22:29:20.785858Z;FINALIZED
10723766;LECHE GLORIA RECONSTITUIDA 6 PACK LATA 400G;4922;-5330;2022-12 -31T22:29:20.785858Z;FINALIZED
10614795;ACEITE VEGETAL PRIMOR PREMIUM BOTELLA 900ML;2545;-2713;2022-12 -31T22:29:20.785858Z;FINALIZED
1863748;CARPA BESTWAY COOLDOME PARA 2 PERSONAS AZUL;22928;0;2022-12-31T 22:29:30.492909Z;EXPIRED
111621;PERSIANA HORIZONTAL PVC GRIS 160X165CM;9570;0;2022-12-31T22:29:4 5.016950Z;REJECT
111618;PERSIANA HORIZONTAL PVC GRIS 100X165CM;3470;0;2022-12-31T22:29:4 5.016950Z;REJECT
10727335;PACK GALLETAS GLACITAS BAÑADAS EN CHOCONIEVE PAQUETE 18UN;2965;- 3024;2022-12-31T22:29:58.343908Z;FINALIZED
5094;GASEOSA COCA COLA + INCA KOLA 2PACK BOTELLA 3L;4249;-7046;2022-12- 31T22:30:00.105151Z;FINALIZED
10727338;PACK GALLETAS CHOCO ¡BUM! BAÑADAS CON SABOR A CHOCOLATE PAQUETE 18UN ;3092;-3277;2022-12-31T22:29:58.343908Z;FINALIZED
5432;MAYONESA ALACENA DOYPACK 475G;2923;-3020;2022-12-31T22:29:58.34390 8Z;FINALIZED
10212295;QUESO FUNDIDO NATURAL BONLÉ TAJADAS PAQUETE 136G;1577;-1295;20 22-12-31T22:29:58.343908Z;FINALIZED
23399;NUTRIMIXER BLACKLINE 901 NEGRO;52377;-18931;2022-12-31T22:30:23.9 04007Z;EXPIRED
4091;SILLÓN GIRATORIO COPENHAGUE NEGRO;98654;0;2022-12-31T22:30:50.5223 76Z;FINALIZED
10604954;ARENA PARA GATOS COOL CAT 20KG;11674;0;2022-12-31T22:31:06.441 979Z;EXPIRED
111621;PERSIANA HORIZONTAL PVC GRIS 160X165CM;9570;0;2022-12-31T22:31:0 9.745145Z;FINALIZED
111618;PERSIANA HORIZONTAL PVC GRIS 100X165CM;3470;0;2022-12-31T22:31:0 9.745145Z;FINALIZED
493984;MANDO INALAMBRICO PS5 DUALSENSE CONTROLLER BLANCO;60791;0;2022-1 2-31T22:31:21.353349Z;REJECT
5094;GASEOSA COCA COLA + INCA KOLA 2PACK BOTELLA 3L;4249;-7046;2022-12- 31T22:31:53.658942Z;FINALIZED
75180;ASIENTO PARA INODORO CON CAÍDA LENTA RED BLANCO;9655;0;2022-12-31 T22:32:39.095521Z;EXPIRED
23399;NUTRIMIXER BLACKLINE 901 NEGRO;52377;-21035;2022-12-31T22:33:11.9 13611Z;FINALIZED
32762;SHAMPOO SAVITAL MULTIÓLEOS - FRASCO 530 ML;1872;0;2022-12-31T22: 33:16.288266Z;ABORTED
32763;ACONDICIONADOR SAVITAL MULTIÓLEOS - FRASCO 530 ML;1872;0;2022-12 -31T22:33:16.288266Z;ABORTED
38663;SHAMPOO SAVITAL ANTICASPA CON EXTRACTO TÉ VERDE Y SEDA LÍQUIDA - FRASC O 530 ML;1872;0;2022-12-31T22:33:16.288266Z;ABORTED
10614795;ACEITE VEGETAL PRIMOR PREMIUM BOTELLA 900ML;2545;-868;2022-12- 31T22:33:20.451897Z;REJECT
10614796;ACEITE DE SOYA SAO BOTELLA 900ML;1975;-5061;2022-12-31T22:33:2 0.451897Z;REJECT
10725999;MAYONESA ALACENA DOYPACK 850G;4354;-6102;2022-12-31T22:33:20.4 51897Z;REJECT
10283234;ENSALADA FUSILLI 400G;2713;-1535;2022-12-31T22:33:29.333483Z;" ""REJECT"""
10283233;ENSALADA RUSA 400G;2713;-1535;2022-12-31T22:33:29.333483Z;RE JECT
10062456;PIERNA DE CERDO 500G;6289;-3872;2022-12-31T22:33:29.333483Z; REJECT
10062453;FILETE DE PECHUGA DE PAVO BOLSA 500G;8182;-5765;2022-12-31T22: 33:29.333483Z;REJECT
12726;TOMATE ITALIANO;366;-18;2022-12-31T22:33:29.333483Z;REJECT
10457718;SALSA CLÁSICA DE TOMATE POMAROLA DOYPACK 145G;441;-244;2022-12 -31T22:33:29.333483Z;REJECT
10536673;FIDEO SPAGHETTI DON VITTORIO BOLSA 950G;1198;-122;2022-12-31T2 2:33:29.333483Z;REJECT
10018027;FIDEOS CABELLO DE ÁNGEL SAN JORGE BOLSA 250G;315;-16;2022-12-3 1T22:33:29.333483Z;REJECT
10018047;FIDEOS CANUTO RAYADO SAN JORGE BOLSA 250G;315;-16;2022-12-31T2 2:33:29.333483Z;REJECT
10018034;FIDEOS CODO RAYADO SAN JORGE BOLSA 250G;315;-16;2022-12-31T22: 33:29.333483Z;REJECT
10689972;FIDEOS DON VITTORIO RIGATONI BOLSA 235G;504;-48;2022-12-31T22: 33:29.333483Z;REJECT
10689972;FIDEOS DON VITTORIO RIGATONI BOLSA 235G;504;-23;2022-12-31T22: 33:29.333483Z;REJECT
91862;PACK HOT DOG SUIZA PAQUETE 200G + 440G;3134;-155;2022-12-31T22:33 :29.333483Z;REJECT
2639;NUGGETS PECHUGA DE POLLO SAN FERNANDO CAJA 24UN;2503;-124;2022-12- 31T22:33:29.333483Z;REJECT
10151221;PECHUGA ESPECIAL DE POLLO EMPACADA AL VACÍO SAN FERNANDO;5837;-2 90;2022-12-31T22:33:29.333483Z;REJECT
48496;FILETE DE PECHUGA IMPORTADO SADIA BOLSA 1KG;4185;-416;2022-12-31T 22:33:29.333483Z;REJECT
10622891;CARNE MOLIDA ESPECIAL DE RES LA COLONIA X KG;3039;-151;2022-12 -31T22:33:29.333483Z;REJECT
49613;CARNE MOLIDA LIGHT DE RES EMPACADA AL VACÍO EL BUEN CORTE;4190;-208 ;2022-12-31T22:33:29.333483Z;REJECT
10219;PAPA BLANCA;313;-29;2022-12-31T22:33:29.333483Z;REJECT
12726;TOMATE ITALIANO;368;-18;2022-12-31T22:33:29.333483Z;REJECT
10219;PAPA BLANCA;315;-29;2022-12-31T22:33:29.333483Z;REJECT
1000240232;CARGADOR PARA DE 20W + CABLE LIGHTNING IPHONE IPAD 1M;22086;0 ;2022-12-31T22:33:39.346726Z;REJECT
5094;GASEOSA COCA COLA + INCA KOLA 2PACK BOTELLA 3L;4249;-7046;2022-12- 31T22:33:44.501387Z;REJECT
10693548;TECLADO GAMER MECÁNICO T-DAGGER BORA RAINBOW ESPAÑOL SWITCH AZUL T-T GK313-BL;29217;0;2022-12-31T22:34:02.279920Z;FINALIZED
493984;MANDO INALAMBRICO PS5 DUALSENSE CONTROLLER BLANCO;60791;0;2022-1 2-31T22:34:08.173777Z;FINALIZED
40438;PACK CERVEZA PILSEN 12 PACK LATA 355ML X 2UN;18048;-12368;2022-12 -31T22:34:10.714586Z;REJECT
10291681;LAPTOP DELL 3501 15.6'' INTEL CORE I5 1135G7 8GB 256GB SSD;609804 ;-2313850;2022-12-31T22:34:47.387402Z;EXPIRED
855774;GALAXY A33 5G 6.4 SM-A336MZKFLTP 6GB RAM 128 GB;241692;-31552;20 22-12-31T22:34:58.720892Z;FINALIZED
10212318;NOTEBOOK ACER A315-57G-57MY 15.6'' INTEL CORE I5 8GB 512GB SSD;988 434;-3975615;2022-12-31T22:34:59.585662Z;EXPIRED
103001;SENSOR DE MOVIMIENTO SOCKET;5237;-1051;2022-12-31T22:35:01.03136 9Z;FINALIZED
10291681;LAPTOP DELL 3501 15.6'' INTEL CORE I5 1135G7 8GB 256GB SSD;609804 ;-1388310;2022-12-31T22:36:12.518510Z;EXPIRED
10614795;ACEITE VEGETAL PRIMOR PREMIUM BOTELLA 900ML;2545;-868;2022-12- 31T22:36:34.184522Z;FINALIZED
10614796;ACEITE DE SOYA SAO BOTELLA 900ML;1975;-5061;2022-12-31T22:36:3 4.184522Z;FINALIZED
10725999;MAYONESA ALACENA DOYPACK 850G;4354;-6102;2022-12-31T22:36:34.1 84522Z;FINALIZED
1000240232;CARGADOR PARA DE 20W + CABLE LIGHTNING IPHONE IPAD 1M;22086;0 ;2022-12-31T22:36:59.883058Z;FINALIZED
5094;GASEOSA COCA COLA + INCA KOLA 2PACK BOTELLA 3L;4249;-5994;2022-12- 31T22:37:16.338282Z;FINALIZED
1000314341;RACK SOPORTE MÓVIL DE PEDESTAL 32 A 70 VESA 600X400 NB AVA 1500-60 -1P;100757;0;2022-12-31T22:37:47.404629Z;EXPIRED
28250;ARROZ EXTRA AÑEJO FARAON NARANJA BOLSA 5KG;4962;-458;2022-12-31T2 2:34:40.645265Z;FINALIZED
4326;TORTILLAS BIMBO WRAPS CLÁSICAS BOLSA 6UN;2250;-1140;2022-12-31T22: 34:40.645265Z;FINALIZED
25122;DESODORANTE EN AEROSOL PARA MUJER DOVE DERMO ACLARANT FRASCO 90ML PAQUE TE 2UN;5237;0;2022-12-31T22:34:40.645265Z;FINALIZED
54355;SHAMPOO ELVIVE COLOR VIVE FRASCO 680ML;6079;-294;2022-12-31T22:34 :40.645265Z;FINALIZED
2369;HAMBURGUESA OTTO KUNZ PREMIUM 100% PURA CARNE DE RES PAQUETE 8UN;5448 ;0;2022-12-31T22:34:40.645265Z;FINALIZED
5094;GASEOSA COCA COLA + INCA KOLA 2PACK BOTELLA 3L;4249;-567;2022-12-3 1T22:34:40.645265Z;FINALIZED
0;REGISTRO AGORA;210;0;2022-12-31T22:36:23.403169Z;EXPIRED
32762;SHAMPOO SAVITAL MULTIÓLEOS - FRASCO 530 ML;1872;0;2022-12-31T22: 36:24.271136Z;ABORTED
32763;ACONDICIONADOR SAVITAL MULTIÓLEOS - FRASCO 530 ML;1872;0;2022-12 -31T22:36:24.271136Z;ABORTED
38663;SHAMPOO SAVITAL ANTICASPA CON EXTRACTO TÉ VERDE Y SEDA LÍQUIDA - FRASC O 530 ML;1872;0;2022-12-31T22:36:24.271136Z;ABORTED
0;REGISTRO AGORA;210;0;2022-12-31T22:36:29.434021Z;EXPIRED
10283234;ENSALADA FUSILLI 400G;2713;-1535;2022-12-31T22:38:41.571114Z;" ""FINALIZED"""
10283233;ENSALADA RUSA 400G;2713;-1535;2022-12-31T22:38:41.571114Z;FI NALIZED
10062456;PIERNA DE CERDO 500G;6289;-3872;2022-12-31T22:38:41.571114Z; FINALIZED
10062453;FILETE DE PECHUGA DE PAVO BOLSA 500G;8182;-5765;2022-12-31T22: 38:41.571114Z;FINALIZED
12726;TOMATE ITALIANO;366;-18;2022-12-31T22:38:41.571114Z;FINALIZED
10457718;SALSA CLÁSICA DE TOMATE POMAROLA DOYPACK 145G;441;-244;2022-12 -31T22:38:41.571114Z;FINALIZED
10536673;FIDEO SPAGHETTI DON VITTORIO BOLSA 950G;1198;-122;2022-12-31T2 2:38:41.571114Z;FINALIZED
10018027;FIDEOS CABELLO DE ÁNGEL SAN JORGE BOLSA 250G;315;-16;2022-12-3 1T22:38:41.571114Z;FINALIZED
10018047;FIDEOS CANUTO RAYADO SAN JORGE BOLSA 250G;315;-16;2022-12-31T2 2:38:41.571114Z;FINALIZED
10018034;FIDEOS CODO RAYADO SAN JORGE BOLSA 250G;315;-16;2022-12-31T22: 38:41.571114Z;FINALIZED
10689972;FIDEOS DON VITTORIO RIGATONI BOLSA 235G;504;-48;2022-12-31T22: 38:41.571114Z;FINALIZED
10689972;FIDEOS DON VITTORIO RIGATONI BOLSA 235G;504;-23;2022-12-31T22: 38:41.571114Z;FINALIZED
91862;PACK HOT DOG SUIZA PAQUETE 200G + 440G;3134;-155;2022-12-31T22:38 :41.571114Z;FINALIZED
2639;NUGGETS PECHUGA DE POLLO SAN FERNANDO CAJA 24UN;2503;-124;2022-12- 31T22:38:41.571114Z;FINALIZED
10151221;PECHUGA ESPECIAL DE POLLO EMPACADA AL VACÍO SAN FERNANDO;5837;-2 90;2022-12-31T22:38:41.571114Z;FINALIZED
48496;FILETE DE PECHUGA IMPORTADO SADIA BOLSA 1KG;4185;-416;2022-12-31T 22:38:41.571114Z;FINALIZED
10622891;CARNE MOLIDA ESPECIAL DE RES LA COLONIA X KG;3039;-151;2022-12 -31T22:38:41.571114Z;FINALIZED
49613;CARNE MOLIDA LIGHT DE RES EMPACADA AL VACÍO EL BUEN CORTE;4190;-208 ;2022-12-31T22:38:41.571114Z;FINALIZED
10219;PAPA BLANCA;313;-29;2022-12-31T22:38:41.571114Z;FINALIZED
12726;TOMATE ITALIANO;368;-18;2022-12-31T22:38:41.571114Z;FINALIZED
10219;PAPA BLANCA;315;-29;2022-12-31T22:38:41.571114Z;FINALIZED
0;REGISTRO AGORA;210;0;2022-12-31T22:39:24.291589Z;EXPIRED
130933;VENTILADOR 3 EN 1 ORANGE 16;22928;-2103;2022-12-31T22:39:33.9516 90Z;EXPIRED
10749391;APPLE IPHONE 13 6.1 MLPF3ZD 128GB SSD MEDIANOCHE;799119;0;2022 -12-31T22:39:54.481354Z;EXPIRED
5094;GASEOSA COCA COLA + INCA KOLA 2PACK BOTELLA 3L;4249;-5994;2022-12- 31T22:40:19.380875Z;FINALIZED
133083;COMPRESOR DE AIRE 1500W TC-AC 190/50/8 EINHELL;168069;0;2022-12- 31T22:40:45.146181Z;EXPIRED
10212318;NOTEBOOK ACER A315-57G-57MY 15.6'' INTEL CORE I5 8GB 512GB SSD;988 434;-4543560;2022-12-31T22:40:55.002026Z;FINALIZED
1000260834;AMAZON ECHO DOT 3 CON PARLANTE INTELIGENTE NEGRO COMPATIBLE CON AL EXA;35549;0;2022-12-31T22:41:13.878040Z;REJECT
10020839;LECHE GLORIA UHT ENTERA BOLSA 900ML PAQUETE 3UN;2608;-2305;202 2-12-31T22:41:16.651748Z;FINALIZED
10020839;LECHE GLORIA UHT ENTERA BOLSA 900ML PAQUETE 3UN;2608;-3075;202 2-12-31T22:41:16.651748Z;FINALIZED
10723768;LECHE GLORIA RECONSTITUIDA 6 PACK LATA 170G;2776;-717;2022-12- 31T22:41:16.651748Z;FINALIZED
69499;GARBANZO PRECOCIDO BOLSA 500G;1619;-109;2022-12-31T22:42:13.43471 0Z;FINALIZED
10020882;CHOCLO SERRANO PRECOCIDO CONGELADO GREEN FOOD BOLSA 400G;1745;-2 31;2022-12-31T22:42:13.434710Z;FINALIZED
10020880;MIX DE ARVEJA Y ZANAHORIA PRECOCIDA CONGELADA GREEN FOOD BOLSA 400G ;1388;-185;2022-12-31T22:42:13.434710Z;FINALIZED
10614795;ACEITE VEGETAL PRIMOR PREMIUM BOTELLA 900ML;2545;-864;2022-12- 31T22:42:13.434710Z;FINALIZED
573;ARROZ SUPERIOR COSTEÑO BOLSA 750G;820;-328;2022-12-31T22:42:13.4347 10Z;FINALIZED
224;SÓLIDO DE CABALLA CAMPOMAR EN ACEITE VEGETAL LATA 170G;1114;-227;20 22-12-31T22:42:13.434710Z;FINALIZED
10620436;GELATINA UMSHA SABOR A PIÑA BOLSA 120G;778;-52;2022-12-31T22:4 2:13.434710Z;FINALIZED
15485;DETERGENTE EN POLVO ARIEL CON DOWNY BOLSA 2KG;6920;-458;2022-12-3 1T22:42:13.434710Z;FINALIZED
41625;BEBIDA DE ALMENDRAS LAIVE CAJA 1L;2292;-151;2022-12-31T22:42:13.4 34710Z;FINALIZED
2964;LECHE FRESCA DANLAC BOTELLA 900ML;1325;-172;2022-12-31T22:42:13.43 4710Z;FINALIZED
3701;LECHE UHT GLORIA ENTERA PACK 3UN X 1L;3050;-201;2022-12-31T22:42:1 3.434710Z;FINALIZED
72546;TOSTADAS INTEGRALES LA FLORENCIA BOLSA 230G;1661;-328;2022-12-31T 22:42:13.434710Z;FINALIZED
10585194;MANTEQUILLA CON SAL LAIVE BARRA 180G;2503;-164;2022-12-31T22:4 2:13.434710Z;FINALIZED
3040;MERMELADA BELL'S FRESA FRASCO 350G;1093;-130;2022-12-31T22:42:13.4 34710Z;FINALIZED
12509;MANDARINA MALVACEA;839;-265;2022-12-31T22:42:13.434710Z;FINALIZ ED
58122;BIO BOLSA PLAZAVEA MEDIANA;21;0;2022-12-31T22:42:13.434710Z;FIN ALIZED
11622;BOLSA PARA CONGELAR ZIPLOC PAQUETE 20UN;3026;-492;2022-12-31T22:4 2:13.434710Z;FINALIZED
10125943;QUESO FRESCO BONLÉ BOLSA 400G;2692;-176;2022-12-31T22:42:13.43 4710Z;FINALIZED
11018;SHAMPOO PARA BEBÉ AMMENS MANZANILLA DOYPACK 400ML;4101;-742;2022- 12-31T22:42:13.434710Z;FINALIZED
48435;ACONDICIONADOR PARA BEBÉ JOHNSON'S BABY MANZANILLA FRASCO 400ML;5363 ;-353;2022-12-31T22:42:13.434710Z;FINALIZED
10614796;ACEITE DE SOYA SAO BOTELLA 900ML;1975;-5061;2022-12-31T22:43:0 6.074319Z;FINALIZED
